{
  "regular_task": {
    "mean": 0.00013157810532968048,
    "std": 0.018524411525528722,
    "min": -0.0629988226245847,
    "max": 0.06244871138358392
  },
  "edge_positive_task": {
    "mean": -0.00041570575792909627,
    "std": 0.01871506721427355,
    "min": -0.05723286847606012,
    "max": 0.05639920784410808
  },
  "edge_negative_task": {
    "mean": -0.0004554348320551827,
    "std": 0.018539498363710185,
    "min": -0.060631770455069095,
    "max": 0.059237933838585194
  }
}